USER_ID,AADHAR_NO,NAME,PHOTO,LOCAL_NAME,FATHER_NAME,MOTHER_NAME,GENDER,DOB,DOB_TYPE,ADDRESS_ID,MOBILE,EMAIL
1,AD0000001,"Zeba Ahmad",...,NULL,"My Father","My Mother",F,"1990-04-01 00:00:00",A,1,NULL,zahmad@ebay.com
2,AD0000002,"Zeba Ahmad2",...,NULL,NULL,NULL,F,"1990-04-01 00:00:00",A,2,NULL,NULL
3,AD0000002,"Zeba Ahmad3",...,NULL,NULL,NULL,F,"1990-04-01 00:00:00",A,3,NULL,NULL
4,AD0000002,"Zeba Ahmad4",...,NULL,NULL,NULL,F,"1990-04-01 00:00:00",A,4,NULL,NULL
5,AD0000002,"Zeba Ahmad5",...,NULL,NULL,NULL,F,"1990-04-01 00:00:00",A,5,NULL,NULL
6,AD0000002,"Zeba Ahmad6",...,NULL,NULL,NULL,F,"1990-04-01 00:00:00",A,6,NULL,NULL
7,AD0000002,"Zeba Ahmad7",...,NULL,NULL,NULL,F,"1990-04-01 00:00:00",A,7,NULL,NULL
8,AD0000002,"Zeba Ahmad8",...,NULL,NULL,NULL,F,"1990-04-01 00:00:00",A,9,NULL,NULL
10,AD0000002,"Zeba Ahmad10",...,NULL,NULL,NULL,F,"1990-04-01 00:00:00",A,11,NULL,NULL
11,AD0000002,"Zeba Ahmad11",...,NULL,NULL,NULL,F,"1990-04-01 00:00:00",A,12,NULL,NULL
12,AD0000002,"Zeba Ahmad12",...,NULL,NULL,NULL,F,"1990-04-01 00:00:00",A,16,NULL,NULL
13,AD0000002,"Zeba Ahmad13",...,NULL,NULL,NULL,F,"1990-04-01 00:00:00",A,18,NULL,NULL
14,AD0000002,"Zeba Ahmad14",...,NULL,NULL,NULL,F,"1990-04-01 00:00:00",A,19,NULL,NULL
15,AD0000002,"Zeba Ahmad15",...,NULL,NULL,NULL,F,"1990-04-01 00:00:00",A,20,NULL,NULL
16,AD0000002,"Zeba Ahmad16",...,NULL,NULL,NULL,F,"1990-04-01 00:00:00",A,21,NULL,NULL
17,AD0000002,"Zeba Ahmad17",...,NULL,NULL,NULL,F,"1990-04-01 00:00:00",A,22,NULL,NULL
18,AD0000002,"Zeba Ahmad18",...,NULL,NULL,NULL,F,"1990-04-01 00:00:00",A,23,NULL,NULL
19,AD0000002,"Zeba Ahmad19",...,NULL,NULL,NULL,F,"1990-04-01 00:00:00",A,24,NULL,NULL
20,AD0000002,"Zeba Ahmad20",...,NULL,NULL,NULL,F,"1990-04-01 00:00:00",A,25,NULL,NULL
24,AD0000004,"Zeba Ahmad21",...,NULL,NULL,NULL,F,"1990-04-01 00:00:00",A,26,NULL,NULL
25,AD0000005,"Zeba Ahmad22",...,NULL,NULL,NULL,F,"1990-04-01 00:00:00",A,27,NULL,NULL
26,AD0000028,"Zeba Ahmad",...,NULL,"My Father","My Mother",F,"1990-04-01 00:00:00",A,28,NULL,zahmad@ebay.com
